index,n0,n1,result
0,-1.41676230203788e-15,953036744234911.9,-1.35022653168894
1,-3.0614256085498186e-17,-8.877367245692744e-16,2.7177399422465134e-32
2,1362559233163052.8,-1.804949274273492e-15,-2.4593502990522977
3,929169181420889.8,399268491118612.9,3.709879770598353e+29
4,1922591330379951.0,-9.146035881857825e-16,-1.7584089293803804
5,-2.483336799433294e-16,-1.0791906900882074e-15,2.679993954301857e-31
6,-1.9889743207675262e-15,769420268993781.2,-1.5303571569066734
7,428473757722196.0,365884798352210.44,1.5677203444339955e+29
8,1820363267772867.5,-6.587875067984369e-16,-1.1992325786435427
9,-1.7780404073683122e-15,-8.39278063198252e-18,1.492270309384308e-32
10,-1.8004150886913573e-15,-9.41540485495814e-16,1.6951636967004498e-30
11,1682926039436160.5,-1.5475575706418418e-15,-2.604424933159721
12,-8.023035846008815e-16,-7.6314863691805e-16,6.122768869826282e-31
13,538039247148962.3,877872518236713.2,4.723298688048449e+29
14,-5.984735517932652e-16,1405768493233452.0,-0.8413152631444908
15,-9.736346922172397e-16,-1.1196152851206345e-15,1.090096283530146e-30
16,-1.778357065400446e-15,647662305864420.0,-1.151774837627536
17,-5.105695951847149e-16,966930248720701.4,-0.49368518566118424
18,-1.7370955182558603e-15,423378627491011.6,-0.7354491163399537
19,1504812915711799.8,251815059368944.3,3.7893455370912106e+29
20,-1.7999459775236058e-15,149817099349816.9,-0.2696626853389574
21,-9.805628425160973e-16,-4.1625859953000184e-16,4.081677155769084e-31
22,1842984006084540.5,335663925223274.06,6.186232456060513e+29
23,-1.8992970246787716e-16,14292092101392.928,-0.002714492800461056
24,1173604318377553.0,670286036015684.9,7.866505864161798e+29
25,133887001233702.78,770832019697614.4,1.0320438757223211e+29
26,-1.7992766734218677e-15,773935648179254.8,-1.3925243584985665
27,539174849929412.0,2155071675059.7942,1.1619604469874911e+27
28,-7.4114111534346e-16,1649818627640797.0,-1.2227484178041168
29,477479736448311.2,-5.859949787802786e-16,-0.2798007280280411
30,1492997740247796.2,866796360492877.6,1.2941250074708803e+30
31,-3.609564052578827e-16,550663687808548.94,-0.19876558525742277
32,1388157457746289.0,-5.84901413723502e-16,-0.8119352595066269
33,1027256835687582.4,-4.568446144475326e-16,-0.46929675303828594
34,-5.439441425459969e-16,-3.821818734650736e-16,2.078855914585821e-31
35,-6.240849594907356e-16,-1.0132306345566122e-15,6.323419995220357e-31
36,-7.94336049436448e-16,-1.4054906700728215e-15,1.1164319063854311e-30
37,169230996905854.53,-1.849745284899685e-15,-0.31303423858547763
38,1319940470057156.0,167123946366156.7,2.205936603243518e+29
39,-1.4358945330767178e-15,-1.6860169662170446e-16,2.4209425444656476e-31
40,304377077116107.4,-1.116288898424346e-15,-0.3397727521195617
41,-1.34571482675013e-15,-3.8474389573508614e-16,5.177555649923115e-31
42,485597296461276.0,-1.0110037777957913e-15,-0.49094070120977285
43,1490979468862284.5,1968967394677706.0,2.9356899603237223e+30
44,-1.582868144877133e-15,1224931651699385.0,-1.9389052911266877
45,-7.735552154951526e-16,-6.089421266861681e-16,4.710503580327953e-31
46,1062048076589154.5,-7.36365146360239e-16,-0.7820551873591831
47,1585071019807715.0,1244021619732840.8,1.9718626174527792e+30
48,-1.9210601648966936e-16,-1.994103576006925e-15,3.8307929445449496e-31
49,-1.6776521369536544e-15,1519974777985932.5,-2.549988934403756
50,347106703730039.25,-7.911343470631469e-16,-0.27460803541670575
51,578851408137406.1,1141509404565457.0,6.607643262348069e+29
52,14180001881382.908,-1.0137357007196227e-15,-0.014374774143429272
53,-8.815628609335285e-16,1673345635348269.5,-1.4751593656282533
54,-3.415209708490511e-16,922771837863841.2,-0.31514593393942225
55,-7.552489130421918e-16,-6.229857646538497e-16,4.705093215955787e-31
56,1602219605221549.2,1258665484204434.2,2.0166585152080187e+30
57,1285479077030445.5,-8.043797433178956e-16,-1.0340133300222751
58,-1.5969985151415256e-15,1718613550518143.8,-2.744623288279581
59,-7.538377487884773e-16,1889750162187318.0,-1.4245650080359478
60,-1.884020674194136e-16,9898008968552.975,-0.001864805353011278
61,-1.6209024510370704e-15,-9.59703188773273e-16,1.5555852509506904e-30
62,-4.348551760955935e-16,-1.781717527364832e-15,7.747890891148395e-31
63,-8.396085860128784e-16,562781813403659.3,-0.47251644258561
64,381948056402009.44,1577545687697736.8,6.0254050930152195e+29
65,126663672841404.12,-1.8060134909786826e-15,-0.228756301968486
66,-5.721707045457262e-16,-9.686696924126126e-16,5.5424442037981646e-31
67,-1.7314892005988651e-15,-1.9443032071878307e-16,3.3665400059354666e-31
68,-1.084160551936802e-15,-4.531141072419548e-16,4.91248440597789e-31
69,326529038994759.5,1750209330200007.2,5.714941706298701e+29
70,-1.5801321161068199e-15,-9.041920809199536e-16,1.4287429461910752e-30
71,-1.1556173952286412e-16,61337811432977.01,-0.007088304187720246
72,-5.567931611634639e-16,916320339545658.5,-0.5102008984940057
73,-1.0688209330826372e-15,-4.573550279020995e-17,4.8883062767235754e-32
74,-1.8629380137470233e-15,-1.0670148772723869e-15,1.9877825761043443e-30
75,-1.1491346310225714e-15,446936144442008.8,-0.5135898014340184
76,-5.097875772784904e-16,1176671286719363.8,-0.5998524045098284
77,-2.4971179245301677e-16,38327629194744.75,-0.009570860986694288
78,-6.683045373398275e-16,-6.757426450806834e-16,4.516018757814374e-31
79,-5.845984586125812e-16,-1.9339987504476443e-15,1.1306126884703509e-30
80,982715247290022.2,1837487247494459.2,1.8057267348137797e+30
81,-2.673695375122604e-16,459261634788638.0,-0.12279257089056278
82,-8.4270545522518e-16,1638945449215929.0,-1.3811482708707465
83,1186262102573976.8,-9.515330791309987e-16,-1.1287676311186288
84,-1.7482528024037438e-15,-5.732709936386883e-16,1.0022226211656157e-30
85,-1.3306895403436314e-15,-1.1350444118284143e-15,1.51039172664556e-30
86,-2.8051376811334784e-16,1689395851996309.8,-0.47389879627854453
87,42598088420553.46,-1.2126249398599832e-15,-0.051655504409123885
88,748298269395098.8,1686320608760681.0,1.261870793180907e+30
89,-9.882760673122745e-16,-4.650956650991584e-16,4.596429148281829e-31
90,748826743707258.6,-1.0542394148273606e-15,-0.7894426680930182
91,-1.5178364707028897e-15,-1.514562606755791e-15,2.2988583616967784e-30
92,247141374909519.72,1667678214586695.5,4.12152286859609e+29
93,457242107065316.1,-1.7339087001075551e-15,-0.7928160674960618
94,-7.9020979218899525e-16,-1.5266962027646303e-15,1.2064102891223666e-30
95,-1.9858966641816018e-15,-1.7041785909771711e-15,3.384322578991267e-30
96,-1.223412011454222e-16,-2.9323315345472765e-16,3.587449620931129e-32
97,-1.2240821299918828e-15,621742199814193.2,-0.7610635162543965
98,709465993576494.4,-1.7177287867223538e-16,-0.12186701603669209
99,153652659410528.97,229574345895492.2,3.527470877927503e+28
100,-1.2987812698765886e-15,608993365826684.9,-0.7909491770147996
101,1154639762277822.2,-1.9524020981691417e-15,-2.2543210945007393
102,1371458896072507.0,999180353637428.1,1.3703347847769245e+30
103,1865591805138539.0,1354245662564324.2,2.5264696102244144e+30
104,-1.5112910523854412e-15,589502093284644.4,-0.8909092389435708
105,893885545722256.1,-9.544220859200065e-17,-0.0853144107121979
106,-1.32805627165934e-15,83745769344986.12,-0.11121909420354531
107,-6.503798100958294e-16,1641420905399244.2,-1.067547016740885
108,1005709570974673.8,-6.341344365747568e-16,-0.6377550721478651
109,-9.78520856191294e-16,-6.541835081508324e-16,6.401322065019768e-31
110,-1.4127709320771032e-16,-2.4093016463407673e-16,3.4037913325557453e-32
111,1600202692357788.0,467339714784692.94,7.478382698441863e+29
112,1471287165091338.0,-4.2057868576885743e-16,-0.6187920222827029
113,77141777886228.0,-1.9228909348186778e-15,-0.14833522539322377
114,-9.247965545689768e-16,1637420172886428.0,-1.514280534267107
115,-4.511492728725165e-16,416009739889171.8,-0.18768249165888456
116,1822391579208367.2,259316811018334.6,4.725767727469805e+29
117,-1.9308911115999976e-15,257699335786167.22,-0.49758935693473344
118,-4.109973520425564e-16,1688272072559062.5,-0.6938753513491733
119,-1.7548536597749946e-15,1231225963303488.0,-2.1606213877131193
120,-9.871248878941674e-16,-1.4075347032413417e-15,1.3894125361442595e-30
121,-1.844314293096378e-15,788231326337128.8,-1.453746301429882
122,-1.8069670342322632e-15,-1.407314095865604e-15,2.5429701780395295e-30
123,1509689142991342.5,-1.8863576629097215e-15,-2.8478136834933294
124,-1.9686359692828086e-15,-7.155520088781025e-16,1.4086614225700043e-30
125,1088628796339293.4,-1.926678842452116e-16,-0.209743806919103
126,-1.6701562289531766e-15,-1.3000888472102275e-15,2.1713514863607164e-30
127,-1.0739408337784478e-15,-3.443836939880883e-16,3.6984771146126938e-31
128,-1.9226410258098752e-15,58531489489783.484,-0.11253504299481724
129,246252106203263.66,585031724583220.6,1.4406529437434573e+29
130,-1.0746518032130475e-15,-2.83464329829645e-16,3.0462545319800605e-31
131,-1.0824141918648425e-15,1916777133902318.8,-2.0747467723778876
132,1529473991668511.2,675901491385290.1,1.0337737520037596e+30
133,474992275649913.6,315255777422806.44,1.4974405912984148e+29
134,-7.101875666982064e-16,-1.771481525542332e-15,1.2580841540757353e-30
135,178903217748387.8,1915499884119399.0,3.426890928656245e+29
136,105074870434634.03,138466844418845.27,1.4549385736802795e+28
137,910594673624897.5,-2.915819274293549e-16,-0.26551295004245196
138,-7.569191881467786e-16,332633353275134.2,-0.25177656771155515
139,1531389904317062.5,558591959587108.5,8.554220875443826e+29
140,-9.865863523930756e-16,879012694006701.1,-0.867221927487282
141,1744436479679621.8,782231907743122.1,1.3645538754364867e+30
142,1283450567794414.5,-3.006515411646336e-17,-0.03858713912160148
143,133865980498218.97,856690967374440.8,1.1468177633154723e+29
144,256945554144780.72,6687361558497.695,1.7182878214146946e+27
145,966030979457500.0,-1.9614588620451167e-15,-1.8948300256670374
146,842792394842546.4,-8.810152521644952e-16,-0.7425129542645248
147,1093457286509427.6,1029507160159024.0,1.1257221057895132e+30
148,-1.4107894408166902e-15,-1.2861399227433254e-16,1.8144726224190772e-31
149,-6.184811365743133e-16,-1.4154627075472688e-16,8.754369841423896e-32
150,1990866768118679.2,681404581928440.9,1.356585737805135e+30
151,-1.0564911595657423e-15,125815418466174.39,-0.13292287734657768
152,24967848475691.0,-7.805364695439186e-16,-0.019488316301323364
153,835716447761174.5,-3.0963364698375246e-16,-0.2587659315645991
154,583161323858695.5,670715316769068.8,3.9113523205935444e+29
155,-9.134431344513848e-16,-1.1587678610271909e-17,1.058468547078204e-32
156,-1.8414157181357862e-15,-1.3257262753087284e-15,2.4412132012991032e-30
157,1058508478354522.5,-4.459596242596297e-16,-0.47205204328261524
158,755088177766012.1,-1.6675949106574452e-15,-1.259181202340206
159,838303611496076.9,1657589974002980.5,1.3895636615863866e+30
160,-1.3767060654204413e-15,-1.6617024974811037e-15,2.287675907206531e-30
161,-1.9043660213627376e-15,-1.2644684343195993e-15,2.4080107214039853e-30
162,-1.4782777853560278e-15,-6.04522783714369e-17,8.936526019065385e-32
163,-5.488809189255034e-16,-2.1374127368871553e-16,1.173185067145697e-31
164,-9.434603306925811e-16,-1.8997605818922807e-16,1.7923487468288215e-31
165,864249337484243.8,1153452509658310.2,9.968705672917328e+29
166,225329763224720.44,-1.7832406285086794e-15,-0.4018171885945624
167,-1.311982916425343e-15,794313187080812.9,-1.0421253317413939
168,1202451236458877.8,-1.850161316995676e-16,-0.22247287632698362
169,167848370221918.22,1608407632722022.8,2.6996859980488512e+29
170,-1.376260276244653e-15,-1.530381066146951e-17,2.1062026688549893e-32
171,216681657816636.2,-3.7777525615599506e-16,-0.0818569687859854
172,85693385990272.44,674587341803736.0,5.78076734653394e+28
173,-2.0489313943427303e-16,590531192339544.0,-0.12099578993231369
174,-1.339010542019973e-15,-5.328290736553678e-16,7.134637467192741e-31
175,-1.794038983582273e-15,-7.783149606149144e-16,1.396327380848458e-30
176,194681352126267.12,-2.7703627643939144e-16,-0.05393379688524705
177,164403143095120.28,202775619818896.12,3.333694924128769e+28
178,290505651197211.5,811838890118136.1,2.3584378544099057e+29
179,427353516246396.6,-1.5694079486306828e-15,-0.6706920052723665
180,-1.4881279394477222e-15,1961837042831033.2,-2.919464516080358
181,-9.632843168390327e-16,-4.7182430580155985e-17,4.5450095408210644e-32
182,711185773717541.4,-1.973748754812016e-15,-1.4037020353150176
183,469475639497899.4,1279426722793130.2,6.0065967887400645e+29
184,1202069434959353.8,-4.1048389606498846e-16,-0.4934301450027548
185,533768359324499.3,322063669069791.56,1.7190739623741115e+29
186,526746903560245.0,-4.3255074506523856e-16,-0.22784476559579134
187,-1.5356360959963875e-15,1560793423371798.8,-2.396810719323506
188,488772060169448.75,-1.1217124135521486e-15,-0.5482616872895283
189,-1.25507283665428e-15,1865768954608875.0,-2.3416759344024514
190,1447648435845273.0,-9.921570728623462e-16,-1.436294634642
191,900094478359710.2,31963136736549.156,2.8769842887624305e+28
192,1715946559256613.8,-2.593020683172953e-16,-0.4449484919371863
193,-1.2222436501763187e-15,-1.678155580816171e-15,2.051115002660517e-30
194,754760805872478.0,1938562880630304.0,1.4631512820190006e+30
195,-1.9412113816256956e-15,-8.59442208251579e-16,1.6683589965074864e-30
196,871208878155858.5,-1.0590522333670111e-15,-0.9226557081401302
197,801771111504050.9,-1.082322278971029e-15,-0.8677747366161993
198,-1.5794118858909965e-15,-1.484376862817492e-16,2.3444424602755363e-31
199,-4.990704791974507e-16,-1.6716025391898806e-15,8.342474802611692e-31
200,1924614460365486.5,-4.358747080570737e-16,-0.8388907660342289
201,427125817225199.06,-1.1686755811840521e-15,-0.4991715126843727
202,1279926848838741.8,1984563396571739.8,2.540095974494777e+30
203,510871467973923.44,-9.522012119698765e-16,-0.48645243096559987
204,1509399220792815.8,1910102665038330.2,2.8831074742431365e+30
205,1750277173251269.2,708442889389525.9,1.239971417850661e+30
206,-1.4989426099461204e-15,-3.3062461610656674e-16,4.955873249792113e-31
207,-1.4007198826905474e-15,930610303569012.5,-1.303524355245802
208,-1.2509800143177139e-15,1392724579344204.8,-1.7422706142086453
209,1546536160886757.5,-9.939585187329047e-16,-1.5371927916418748
210,1512399238735096.5,724948043778037.6,1.0964108695324014e+30
211,241810403592465.75,-8.483200888187912e-16,-0.20513262305286828
212,1562941169851070.5,1237682666686179.2,1.9344251949748895e+30
213,792379008032883.0,-1.8357409574443123e-15,-1.454602598865059
214,1785245817747206.5,-1.4837361552104839e-15,-2.6488337657298366
215,599542708459129.4,1894880067024279.2,1.136061527588953e+30
216,-1.7462715185094664e-15,118053813892187.61,-0.2061540128513444
217,180169988132446.56,-1.861046974733818e-15,-0.3353048113517176
218,-6.904659402969037e-16,-5.04250845108488e-16,3.481680339133405e-31
219,-7.808342841430367e-16,287503599825464.7,-0.2244926675582628
220,1043535505109678.1,-1.2818613827714199e-15,-1.3376678655509642
221,-1.5778935595133318e-15,-1.8750245117530712e-15,2.9585891010248005e-30
222,-1.850623336564017e-15,-1.8029094136499573e-15,3.336506234611559e-30
223,933254785120787.2,1421253425869935.8,1.3263915605624297e+30
224,-7.088947787895863e-16,-1.0929975536019784e-15,7.748202589782335e-31
225,1996120447042974.2,-1.6801837326989834e-15,-3.353849103629428
226,-1.7734789963188736e-15,897040446717691.6,-1.5908823911023258
227,-9.996657222876001e-16,-3.587022167743569e-17,3.5858231061790083e-32
228,-4.8375928762660776e-17,-7.236629980417189e-16,3.500786964143972e-32
229,1456962511321848.8,-1.7254567118995276e-15,-2.5139257441462752
230,805575513123757.9,-1.6658549776916198e-15,-1.3419719784436928
231,813743798406250.1,611150827954019.0,4.973201961384281e+29
232,51924587184186.24,-9.617530484761035e-16,-0.04993863001525433
233,-1.419452951827263e-15,157391745198772.1,-0.2234101773156415
234,1207487744932280.2,1623879555347907.8,1.9608146623286792e+30
235,-1.118166933427154e-15,-1.4482939351078576e-16,1.6194343881206988e-31
236,933009449615499.9,-2.9651934529712727e-16,-0.2766553511560211
237,577242873452855.6,-1.3617015404939921e-15,-0.786032510019932
238,-7.017647448352069e-16,385117969759278.4,-0.27026221377957294
239,-1.79271178825162e-15,-1.1953362547146028e-16,2.1428933947514093e-31
240,-1.3687664328446973e-15,-1.3015151892410245e-15,1.781470302870628e-30
241,-4.516219255995971e-16,373748945191839.6,-0.1687932183183569
242,-1.4985564285517057e-15,278232471382974.47,-0.41694705862278486
243,-1.3725919581697902e-15,1338082260626669.5,-1.8366409503058199
244,-6.4016607124190355e-16,1397462788080193.5,-0.8946082627520543
245,-8.968504461897396e-16,-1.6224170471674858e-16,1.4550654526579994e-31
246,199332195523066.25,1079454669052808.1,2.151700691499211e+29
247,218782059817273.16,-2.5854770619207715e-16,-0.056565599721733785
248,200361889573593.7,-9.241377195341136e-16,-0.18516197971208675
249,-6.801771817705027e-16,-1.0126905048501912e-15,6.888089735947506e-31
250,-1.444267847845823e-15,205274624714220.53,-0.29647154045336627
251,-1.058280734047693e-15,-8.075649099724671e-16,8.546303857168217e-31
252,1857708558941572.0,810400424812904.0,1.5054878053448178e+30
253,1842746363270888.5,893711370159885.8,1.6468833771759724e+30
254,-1.1268725160715023e-16,395993139130179.9,-0.04462337850386783
255,-1.629846708441939e-15,-1.4839750474615807e-15,2.4186518465152276e-30
256,-1.5104759722173334e-15,-1.4977759925096547e-15,2.262354648449802e-30
257,-3.4564877889535534e-16,1571185982666124.0,-0.5430785163260448
258,-2.348086385245355e-16,-9.907518943059501e-16,2.3263710341758463e-31
259,-1.5388097228208356e-15,622482744463398.6,-0.9578824994684755
260,-1.006526878277159e-15,202191450674162.22,-0.20351112966139465
261,-1.74551714348339e-15,-1.9628937505142584e-16,3.4262646923590464e-31
262,1040522793478921.9,-1.6564100801641012e-15,-1.7235324437589956
263,-9.992468884785565e-16,1342503271835045.8,-1.3414922171534511
264,-1.1444578472900282e-15,823175862546111.0,-0.9420900755906343
265,-1.9290002262142975e-15,-7.396194006218094e-17,1.4267259911119534e-31
266,-1.6552801610163943e-15,-1.2926715261411373e-15,2.13973353193221e-30
267,1904761472803880.8,-1.6295914216290294e-15,-3.1039829563306798
268,1963083674540299.8,-1.4360605861354235e-15,-2.8191070922932235
269,1557406645014308.2,1359592330481985.5,2.1174381300031336e+30
270,-1.9747965499167226e-15,-8.48833573811201e-16,1.6762736130158412e-30
271,210431327943569.22,1576682000599024.5,3.317832871307761e+29
272,-5.246906664803229e-16,-3.395744157415475e-16,1.781715265150988e-31
273,573101497272259.2,918178163091796.9,5.2620928003060144e+29
274,1591131889952688.2,999507669483729.5,1.5903485271678534e+30
275,-1.1633136740584469e-15,313037308063107.7,-0.36416058096025966
276,1853130111043405.0,-1.6552325896688802e-15,-3.067361352695755
277,511399251238402.0,1600994812609279.2,8.187475484049511e+29
278,1515186357001389.5,417713226071969.8,6.3291338128328576e+29
279,-1.4837134908291216e-15,1214001327767212.2,-1.801230147892679
280,-1.956068667151111e-15,-9.179586568002207e-16,1.795590166307032e-30
281,-1.882553784365062e-15,237866456839239.7,-0.44779639849621933
282,873902379741402.2,-1.2353200431135219e-15,-1.0795491254191585
283,-1.5721307937298574e-15,-5.69150201617154e-16,8.947785582198846e-31
284,1472733811150478.8,-3.5140270164216036e-16,-0.5175226400380334
285,1256685120119677.0,-7.235744189654723e-16,-0.90930520561315
286,1160962606651858.0,1923647213581514.2,2.2332824833581783e+30
287,856060451091737.5,1624689751106127.0,1.390832641216034e+30
288,1346535529569405.5,-1.5191492658458833e-15,-2.04558846118076
289,-7.570218446612731e-16,1057211979924254.2,-0.8003325632402557
290,1407828145171406.8,1123549397953019.4,1.58176446492865e+30
291,-9.57109029510729e-16,-3.6459965910992736e-16,3.4896162589064523e-31
292,1703009558533376.5,1922285253271056.2,3.2736701605483615e+30
293,-1.927789068627021e-15,1800563355443245.5,-3.471106353993878
294,-3.7114700294655707e-16,-5.276298475945571e-16,1.9582823659986855e-31
295,1868666813013164.5,1710404438289307.0,3.196176010661651e+30
296,66197347932183.35,1870196062103294.2,1.2380201942445094e+29
297,1175846031391612.8,-3.2189692804971706e-16,-0.37850122536441133
298,-7.47758030361911e-17,-2.8258075478799976e-16,2.1130202861845683e-32
299,1583301898856360.5,-1.1519260675776043e-15,-1.823846730137761
300,-1.8019206017281755e-15,-8.325856015769452e-16,1.500253148183744e-30
301,-6.053185385138527e-16,489467017926090.94,-0.29628345994175515
302,-5.864089173266833e-16,-1.5431548505388355e-15,9.049197651718984e-31
303,-6.114888155351287e-17,-1.4027240225374955e-15,8.577500510641244e-32
304,1806248720236389.8,192970649375865.84,3.485529884783428e+29
305,-6.495528606111479e-17,977851223529681.2,-0.06351660594958154
306,1351451503754429.0,133601064763794.86,1.8055535987822342e+29
307,1006433700287343.1,-9.577258288069666e-16,-0.963887549746958
308,1973733444609480.2,-1.6189312271922952e-15,-3.195338707632102
309,1994518919980843.5,1152297982285612.0,2.298280127124404e+30
310,444843687291947.9,-9.101291436328684e-16,-0.40486520416550803
311,-3.971343447929124e-17,-7.463450562976264e-16,2.963992549221872e-32
312,574136984909337.9,132011990925299.25,7.5792966441730184e+28
313,-1.806854842243823e-16,245495716606715.53,-0.04435751243009613
314,45681600597314.19,-1.109231711443137e-15,-0.050671480012020646
315,-1.5730122224187985e-15,159397100944642.44,-0.25073358800404555
316,638556112162376.4,-7.564507799525886e-16,-0.48303626908872227
317,1724288387163084.2,-1.18773839650472e-15,-2.0480035240807917
318,-9.043192876462905e-17,-1.7716218832475633e-15,1.602111839437016e-31
319,-1.557331989696487e-15,-1.8647200493338374e-15,2.9039881846559965e-30
320,-8.985113108526376e-16,1792976966156545.2,-1.6110100841899027
321,-3.065211587892183e-17,-8.760347222004692e-16,2.6852317818847877e-32
322,-3.526365475880276e-16,-1.971462161514591e-15,6.9520961033693585e-31
323,-1.7491814670481273e-15,827730416109646.9,-1.447850703571029
324,-1.924896373682028e-16,-3.1106112779433146e-16,5.987604368847505e-32
325,1308523837738170.5,-1.4737222364258773e-15,-1.9284006765680684
326,342981443337311.75,1763449487216323.0,6.048304503778968e+29
327,1247040912316730.5,-1.9948625500145996e-15,-2.4876752143166856
328,-1.9938711721224638e-15,-1.600494666306528e-15,3.191180176284349e-30
329,1530125068344919.5,-2.1021208432062188e-16,-0.32165077988801954
330,-5.81676800495976e-17,1515572367214928.5,-0.0881573285481692
331,994945581820196.9,1687223980532139.8,1.6786960449715383e+30
332,1513706333612896.5,-6.936111556416981e-16,-1.049923599359399
333,-5.986226248651326e-16,-1.4799383652419066e-15,8.859245888397235e-31
334,1782024520269205.8,-1.0440443020826373e-15,-1.8605125465586094
335,74539655461221.66,-7.031002099116258e-16,-0.05240884740152521
336,-7.715731674010818e-16,50933687872420.03,-0.03929906687914119
337,1222974950190653.0,820918244393428.2,1.0039624490476512e+30
338,-1.6463256944521182e-15,1808055319177457.0,-2.9766479289526733
339,-8.691693286314362e-16,1730125036807217.5,-1.503771616690168
340,1208443456473223.0,-5.785889209745256e-16,-0.6991919955395682
341,-1.0326909193115304e-15,-1.5051746956951625e-15,1.5543802402218902e-30
342,55660120794411.18,-9.90938844904411e-17,-0.005515577580725381
343,573162548194372.8,-1.1740277363275522e-15,-0.6729087290043709
344,1137974245230010.5,949537512443100.9,1.0805492340400195e+30
345,1121874262655043.2,758501766947438.8,8.509436105167052e+29
346,-1.973849666050058e-15,985456705206232.0,-1.9451433884781113
347,-7.218811928544445e-16,-2.94542820020152e-16,2.1262492226285924e-31
348,307558219575808.9,-5.135439830788012e-16,-0.1579446731095854
349,1808611111480336.8,-1.0536886306284977e-15,-1.9057129653952012
350,1133235320798847.0,1220774044870206.2,1.3834242663613942e+30
351,-6.3947090561122e-16,-1.0309204624765402e-16,6.592436417530109e-32
352,1337787121537041.5,-3.978165950984067e-16,-0.5321939176563643
353,1098071197162483.8,302103384410471.94,3.3173102498644495e+29
354,832666620949758.1,337408764144646.4,2.809490155191566e+29
355,1608762152466313.2,-1.560275327419875e-15,-2.51011189418008
356,-3.929752604195243e-16,-2.701422298836851e-16,1.0615921313885216e-31
357,-1.551245817711526e-15,695945117679195.4,-1.0795819531566075
358,1057120275722224.5,1192126298980797.0,1.2602208818742951e+30
359,81914336797124.02,1068601291977054.2,8.753376613285027e+28
360,718050747515343.2,675173731469794.1,4.8480900258460934e+29
361,-8.671190093152655e-16,-1.1952375932979939e-15,1.0364132377969187e-30
362,-1.4387413601353661e-15,-3.0851672832275227e-16,4.438757773315898e-31
363,1858494613211410.0,-1.1546506773324826e-15,-2.145912063963325
364,1712697257793334.0,1607541203953004.2,2.753231411800105e+30
365,1379376007486932.2,-1.0147888860534317e-15,-1.399775442086494
366,-6.152542893057869e-16,904013634413404.2,-0.5561982661637606
367,256535280702393.94,1396714078537174.8,3.583064381985196e+29
368,-1.8977727443063274e-15,389626282839383.75,-0.7394221400379706
369,-2.822047095502874e-17,-1.120753486652046e-15,3.162819121781126e-32
370,136526164217412.48,185379351470908.78,2.5309131781434717e+28
371,-1.5446632603180584e-15,-1.2113749505916777e-15,1.871166380648568e-30
372,616562591114977.9,-1.1287403254779884e-15,-0.695939059772672
373,1319522097418612.5,-1.9447092675234613e-15,-2.566086851551971
374,1097068580408814.8,-7.936155897122214e-16,-0.8706507283958912
375,779695588636984.1,-9.391708811626507e-16,-0.732267393018828
376,-1.1043302479309497e-15,310642846227801.25,-0.34305229139272364
377,-9.100161101693152e-16,514284066974658.0,-0.46800678615033386
378,1363341939417458.0,1452121848315848.0,1.979738616953392e+30
379,-1.1611274211641462e-15,-1.31381041805873e-16,1.5255013026191218e-31
380,1350027127703448.5,-5.815682878251245e-16,-0.7851329651759652
381,1161160542571437.0,497634529712899.7,5.778335805237125e+29
382,1689721963585344.8,-1.1104526054944277e-15,-1.8763561570245066
383,-1.2721940187967997e-15,-1.1073378907968932e-15,1.4087486414588714e-30
384,-1.0682448946586617e-15,-6.947595109971527e-16,7.421733006382567e-31
385,1519942470071059.5,850228466076629.5,1.2922983548532402e+30
386,515057639932028.1,268171992186059.03,1.3812403339122185e+29
387,-3.828021611793187e-16,697494071876715.2,-0.2670022381241696
388,-2.1622600676269894e-16,-1.5085649697244817e-16,3.261909793456165e-32
389,1378256784643433.8,284147846541343.2,3.916286973374275e+29
390,-6.78068617861566e-17,694230737649101.8,-0.04707360767547418
391,402720394815562.9,-5.511128590467309e-16,-0.22194438818323312
392,772106420915353.9,-1.8439233876710724e-15,-1.4237050872968262
393,339973789423076.1,-8.994851488765499e-16,-0.30580137459334045
394,-1.8534449670388105e-15,500570256088918.0,-0.9277794217973335
395,1963941457333900.5,566085979084679.5,1.1117597227398534e+30
396,1464137976270699.8,-1.8658579796552937e-15,-2.731873526341038
397,-1.9532593515450435e-15,140714895119979.25,-0.2748526847947795
398,-5.893131375624795e-16,-9.609364003452393e-16,5.662924450854479e-31
399,1126435181368120.8,-1.855703758845169e-16,-0.20903300001602615
400,591702560088750.5,1552800809137911.5,9.187962140747854e+29
401,-5.06966673737171e-16,1896503697873419.5,-0.9614641714411322
402,1720372095002604.0,-6.194149899737e-16,-1.0656242639770712
403,-1.6738492366161034e-15,-1.550089107670121e-15,2.594615469560569e-30
404,-9.845680480932318e-16,1760694542463671.5,-1.7335235889618628
405,-5.161201227666876e-16,-1.4148592497603027e-15,7.302373296838709e-31
406,-9.655428448176566e-16,267812449569949.22,-0.25858439443535397
407,436973907818256.6,-1.6307455773261589e-15,-0.7125932675815506
408,731818325235396.8,791243076944561.8,5.790461834236713e+29
409,11270763044266.33,719012090832456.0,8.10381490173511e+27
410,-4.295381466869276e-17,-1.5502312626842551e-15,6.658834635095306e-32
411,-1.6667739589610074e-15,-1.9930805844078253e-15,3.322014816201749e-30
412,871654006607342.9,1322428828922664.5,1.1527003871834969e+30
413,-1.5942039725122777e-15,-1.096048638161755e-15,1.747325093024142e-30
414,-8.631711264601399e-16,407781097441781.25,-0.3519848692279744
415,1755821698100485.5,869729211530098.8,1.5270894210763743e+30
416,127402012747657.39,615171138635790.1,7.837404124646784e+28
417,997684912617341.8,1941641236563291.2,1.9371461674348747e+30
418,-5.421922667170992e-16,342520212133699.9,-0.18571181021319239
419,53777618811597.04,514481244896727.5,2.7667576273772116e+28
420,1828581442390020.2,-1.6439188259690514e-15,-3.0060394579625966
421,1933966027099205.5,1268217222484947.5,2.4526890232680032e+30
422,877512605051832.2,585260398199404.5,5.135733766576321e+29
423,-6.247395008347918e-16,644620737612759.5,-0.40272003784395066
424,1592881889997561.2,1910049329792460.2,3.0424829864283894e+30
425,956547823914912.8,-3.400119344084697e-16,-0.32523767596352177
426,-1.748155680440929e-15,1314488238231648.2,-2.297930080537445
427,1047316389657151.1,1840577082402994.2,1.9276665448279967e+30
428,-1.2839930217166884e-15,1911373224354992.8,-2.454189881967937
429,-1.1285680642412176e-15,-7.371673550991137e-16,8.31943534966025e-31
430,-1.665160405124086e-15,175717437038489.53,-0.2925977186463773
431,-7.311857296805381e-17,784276865856934.6,-0.05734520524331682
432,-1.8353410822110672e-15,-1.1780477551239284e-15,2.162119441785469e-30
433,308013982445837.0,1785114152061488.5,5.498401190968825e+29
434,1273855879315207.2,648454799869223.1,8.26037959283576e+29
435,266514387481315.2,204464722200065.28,5.449279019868766e+28
436,-1.1955320695370143e-15,-1.930453142028677e-15,2.3079186400337763e-30
437,-1.639095956858978e-15,-1.7782095395921785e-15,2.9146560667936044e-30
438,-2.481952686827043e-16,-2.989661744313454e-16,7.420198999002801e-32
439,713321650430074.4,-1.1531085922940345e-15,-0.8225373241802805
440,1436531580933039.8,1022657710121094.1,1.4690800970736176e+30
441,-2.7861793021768297e-16,-1.5065980393326726e-15,4.197652273888885e-31
442,-1.492635369256573e-15,534167134326357.44,-0.7973167577899479
443,-1.2472619540898006e-16,1023551966421075.9,-0.1276637425750809
444,-1.4857386935307663e-15,-2.1737813894757626e-16,3.2296711216212133e-31
445,-1.2852539432220797e-15,-1.0791626981824906e-15,1.3869981132172251e-30
446,-1.5131487628839528e-15,-1.6747219533602277e-15,2.5341034519016256e-30
447,782235657956468.9,67156819713880.99,5.253245905515166e+28
448,-1.9275992231656268e-15,-4.2585170369202907e-16,8.208714132205139e-31
449,912575249403600.6,-1.1145118486317615e-15,-1.0170759282283977
450,-3.6264379879274267e-16,391310913397580.3,-0.14190647614355648
451,1533476139475118.8,48118961461618.65,7.378927925771498e+28
452,-1.0256981759296026e-15,1558049161311497.0,-1.5980881827658495
453,-1.3307054850339823e-15,1598166507016505.8,-2.1266889368844644
454,-5.54666516617684e-16,-5.909633428004766e-17,3.277875787998826e-32
455,-3.5267038801452427e-16,-1.133091837244455e-15,3.996079378970921e-31
456,1138909567833247.5,1632092561284394.2,1.8588058336362676e+30
457,1522154844125551.2,-1.2043274696809098e-16,-0.18331728918882648
458,1651825736467883.5,-5.168728669564022e-16,-0.8537839041205254
459,1304070531858899.0,1039750369200245.2,1.3559078169634504e+30
460,-6.955229875335709e-16,674258630042340.4,-0.4689623767373413
461,-1.0753086499993618e-15,-2.440091221198901e-16,2.623851196942684e-31
462,-8.887084355881117e-16,1828256670041659.2,-1.6247871250862536
463,448007446226744.94,800512839780795.6,3.586357130219137e+29
464,946203042866419.9,1996880642635229.2,1.889454540302506e+30
465,942936962921263.1,1773618707003862.8,1.6724106369625598e+30
466,1758727253054007.2,182619627571633.2,3.211781159528043e+29
467,-4.727396570424121e-16,-1.5910622856676402e-15,7.521582392596366e-31
468,1864124389183781.2,-1.6263271822880085e-15,-3.0316761652956137
469,-4.4108701120515856e-17,1407885676695443.2,-0.06210000852521452
470,415503871781417.7,-1.8945425347065664e-16,-0.07871897584251593
471,-1.5919137297384062e-16,925044985531531.2,-0.147259181309331
472,446472491611105.1,-1.1989645556391787e-15,-0.5353046925096256
473,1101104897698236.5,704793730499858.1,7.760518285204047e+29
474,-1.8347146447620497e-15,1301914903261919.2,-2.3886423392486105
475,-1.789066071808601e-15,-2.440479972464428e-16,4.366179917664497e-31
476,743031500132999.9,-3.7767537610341554e-16,-0.2806247012694158
477,561591181906527.56,439068879682299.44,2.465772110791575e+29
478,-4.90325899453572e-16,1913288733451482.8,-0.9381350191439839
479,-1.2643110767130906e-15,1443183350778922.2,-1.824632696117705
480,64823802357276.47,178802842228911.84,1.1590680105566269e+28
481,1539528370939633.5,403829894298425.5,6.217075793059794e+29
482,1218235512057188.5,1345466855016533.5,1.6390955030770418e+30
483,989886782398849.2,-1.6109288653019733e-15,-1.5946371911471997
484,-2.3080642836477827e-16,-6.7870799944619e-16,1.56650169254779e-31
485,-2.324559049986668e-16,1153032958434299.5,-0.26802931984613526
486,-9.339015391886482e-16,-9.45117980324612e-16,8.826471365400217e-31
487,1868387751840315.5,-1.828322924530128e-15,-3.4160161586009568
488,-9.779251822204521e-16,727031508565244.8,-0.7109824204936772
489,1973280117663069.0,1474554605757570.8,2.90970928594992e+30
490,-1.031854971121651e-15,-1.2876141696468992e-15,1.3286310818368298e-30
491,-1.3320837204735193e-15,352128226943632.1,-0.46906427863081723
492,1489073871233856.2,829678207824674.0,1.2354521408038552e+30
493,-5.597384652687639e-16,-1.77826050048985e-16,9.953608033922526e-32
494,-1.5858800241776786e-15,1326499040741528.2,-2.1036683308028423
495,424552232644682.44,-1.9168193113494728e-15,-0.8137899182098614
496,1509863628847788.8,-7.975697151555296e-16,-1.2042215043838251
497,417175115995279.25,1797519499465438.5,7.498804056932706e+29
498,-9.000335953993256e-16,-1.206208363442965e-15,1.0856280501503082e-30
499,-4.015297378709558e-16,-2.7434974658524346e-16,1.1015958183133596e-31
500,794306469144179.0,1224975621325890.5,9.73006060563065e+29
501,-8.044479736683823e-16,-1.267732700700905e-15,1.0198250022319889e-30
502,-5.7445026600881e-16,1275213622531117.2,-0.7325468046810585
503,1612346330690701.0,115058603198660.69,1.855143166817579e+29
504,568189407642078.1,-1.8277554931995295e-15,-1.038511310995595
505,1188701001293526.8,-1.801162906678265e-16,-0.21410441506612127
506,636973698028992.9,-1.3702938758137796e-15,-0.8728411574635847
507,397000981807261.06,1764616178764616.8,7.005543554825301e+29
508,-1.678682083028702e-15,1564723256218833.5,-2.626672895112885
509,-1.0315231271479346e-15,-3.2032963563921506e-16,3.304274274727216e-31
510,-9.673533307817217e-16,-9.134864404592074e-16,8.836641508021532e-31
511,888551701016806.8,-1.0654902637309806e-15,-0.9467431862550089
512,-5.683257959431064e-17,-1.289129103754073e-15,7.326453239644569e-32
513,342078124423521.1,-1.2325303965470374e-15,-0.4216216863457893
514,-1.0282372653167965e-15,-1.6938357862440292e-15,1.7416650767432864e-30
515,1833078031234618.2,1283147954248529.2,2.352110325756622e+30
516,-1.0335208045548461e-15,842870160173568.6,-0.8711238460778586
517,113658337937176.5,-4.0383402875976823e-16,-0.04589910451130919
518,521381856044295.75,1665931955271900.5,8.685866948831662e+29
519,66441740593837.78,1385685088457636.0,9.20673291920514e+28
520,-1.1871158462694417e-15,958062316075556.1,-1.137330957126895
521,498060058139647.06,1316811689800581.2,6.558513067810444e+29
522,884543211828641.1,1622229898494098.2,1.43493244473842e+30
523,-8.399172843570302e-16,-8.971652325225188e-16,7.535445857198576e-31
524,1353943081687242.2,1289784572031400.2,1.746294898168855e+30
525,1463883726011198.0,670664685682012.4,9.817751189803132e+29
526,-8.243934958735492e-16,1961909969057111.8,-1.617385817980159
527,1137136317188716.8,963993599618164.4,1.0961921316632938e+30
528,1450778352614504.2,-7.05974023096874e-16,-1.0242118302171168
529,1427360494409650.8,1913092949736325.2,2.7306732985872585e+30
530,897226304952190.0,-8.708471685623922e-16,-0.7813469872273121
531,844221865922857.5,306769574180381.3,2.5898158232292196e+29
532,-4.033337370492667e-16,-1.9964856030400327e-15,8.052499992391952e-31
533,143813463812065.62,1543680148558386.8,2.2200198918210563e+29
534,-1.871975023555076e-15,1558513306145417.5,-2.9174979829824674
535,-7.235703231677928e-16,1898398151861632.0,-1.3736245642436617
536,1787096358679001.8,1396917334091723.0,2.4964258811308967e+30
537,-1.3264208418833405e-16,-1.1787671686919084e-15,1.5635413402807628e-31
538,-1.7377196268912966e-15,510734666438964.94,-0.887513654004769
539,1253313983547868.2,-1.9750653249176966e-15,-2.4753769901398632
540,-7.526413816565388e-16,-1.6895271299258796e-15,1.2716080334136205e-30
541,-3.1443699811324685e-17,-1.6616187205678006e-16,5.224744025041132e-33
542,619260268937676.8,-1.4399484162386398e-15,-0.8917028434963218
543,-1.0541299150102584e-15,-8.896412838891726e-16,9.377974909757106e-31
544,1059203661099588.8,-9.13785649854217e-16,-0.9678851057858534
545,-8.094485328062855e-16,-1.0581965441368337e-15,8.565556400722418e-31
546,-9.982979359902445e-16,493300220675305.9,-0.49246059212369
547,361859582142582.5,-3.999889042997483e-16,-0.14473981777157635
548,61724274185981.81,993505620250977.8,6.132341330968527e+28
549,464014700785691.9,-1.241463225047545e-15,-0.5760571869068766
550,-1.78265653786706e-15,1235823949948284.8,-2.2030496440280043
551,-1.6507269500057866e-15,1930269320071637.8,-3.186347587411598
552,-3.7559405682465097e-16,-1.5630983932727121e-15,5.870904667453917e-31
553,1798708925119639.5,-6.772455043102631e-17,-0.12181675331000216
554,-1.7493354679000487e-15,-1.1226415259018271e-15,1.9638766389974974e-30
555,-8.415604247449573e-16,-1.2009478174018293e-15,1.0106701553092129e-30
556,450912078664793.3,1450044363098773.2,6.538425179210341e+29
557,193661956856138.62,-1.2203584479412074e-15,-0.2363370050942144
558,1128220680032796.8,-1.856092346456021e-15,-2.094081769322281
559,416077217605577.8,-1.916887285395119e-15,-0.7975731281707104
560,-1.8730515321326473e-15,1263700629270646.0,-2.366976399812374
561,-2.1625926604963053e-16,1297677492390904.5,-0.280634782073582
562,-1.6322218822750334e-15,-1.5636433995910623e-15,2.552212972887456e-30
563,610992429589363.4,-9.61742295131653e-16,-0.5876172615413392
564,23171614403718.844,-8.307213516214969e-16,-0.019249154836709463
565,1714281539374817.2,441592220595217.9,7.57013391697914e+29
566,-6.383639495579137e-16,-4.407049677248192e-16,2.813301637866085e-31
567,303631545763997.3,230473875715008.66,6.997913914156748e+28
568,-1.4182122062268544e-15,765811148660895.1,-1.0860827186954898
569,1858915705378786.2,1004487496353240.0,1.867257582827654e+30
570,-9.833679093771573e-16,361975566319656.2,-0.35595515589737287
571,288556702269432.9,502217780736979.0,1.4491830663053577e+29
572,1407957998619696.2,603389056457013.9,8.495464483182442e+29
573,1971263671051979.8,-1.168832513773065e-15,-2.3040770719452057
574,-1.3186140397154318e-15,-1.3818376135694684e-15,1.8221104778595688e-30
575,-1.962165833426712e-15,172443096352426.38,-0.3383619518730415
576,-9.90183592558911e-16,-4.0915616247955196e-16,4.051397188816203e-31
577,1719396484259892.0,1216938790379054.8,2.0924002777372325e+30
578,-1.202826392920325e-15,-4.441029909154006e-16,5.341787986478992e-31
579,-1.4593337520065317e-15,-1.4328618415006689e-15,2.0910236472641595e-30
580,60675709451779.36,1745428102524276.8,1.0590508841773357e+29
581,542781375603862.0,1492732569018066.2,8.102274372203128e+29
582,-4.3764198134173583e-16,206248644480107.03,-0.0902630654193213
583,1155945231323744.8,-3.020077206885874e-16,-0.34910438455292603
584,1894675380174367.0,-1.1655904326948317e-15,-2.2084154961936853
585,-2.6552098669180337e-16,1484671408913589.5,-0.39421141740784615
586,934236859312356.2,661471782065007.8,6.179713202001602e+29
587,1760492810911414.5,474072844911427.56,8.346018353148902e+29
588,-6.7915466240205005e-16,-1.813414378217376e-15,1.2315888298332454e-30
589,-5.241768394118959e-16,1674157049299217.2,-0.8775543507808092
590,416607235659701.7,1062682905015667.0,4.4272138744139836e+29
591,1284050070221446.2,-1.5263554321009747e-15,-1.9599167997721425
592,-7.302403744809188e-16,1486267710466524.2,-1.0853326894699724
593,-1.3801470896286665e-15,-3.639896313482738e-16,5.023592303603314e-31
594,1382226924808745.0,-1.954696152207283e-15,-2.7018336514009595
595,1011220569258290.5,1236351775503501.8,1.2502243462281492e+30
596,-1.9269382404883448e-15,-1.1858767327698903e-15,2.2851112248796792e-30
597,-6.552384478195236e-16,-1.6624716816261031e-15,1.0893153642126011e-30
598,1111814610748153.6,-4.639657642755189e-16,-0.5158439156084557
599,-6.514985310912943e-16,-1.996696132464003e-15,1.3008445973359662e-30
600,-2.5514682321699074e-16,1241037100695993.8,-0.31664667373700744
601,-1.614987708032827e-15,1884628093183443.0,-3.043651204704606
602,-2.1780498015015928e-16,822363422102637.2,-0.17911484882728196
603,1239568840376956.8,-1.0835002009748273e-15,-1.3430730876705663
604,1527874714958126.5,1506731810351910.8,2.3020974352597676e+30
605,1025642803566378.8,-1.54813635047544e-15,-1.5878349068046522
606,-1.0451074677969221e-15,546930067691927.3,-0.5716006981075094
607,1450725464468413.0,-5.180904049071367e-16,-0.751606943295534
608,437066054815663.06,-1.2324470938010737e-15,-0.5386607890566647
609,646183037155535.0,-1.60341064565163e-15,-1.0360967608146876
610,-1.3896118765788431e-15,1156623152331289.0,-1.6072572692056197
611,-4.883046899530342e-16,-5.4110574887928405e-17,2.642244749383032e-32
612,1647766280636408.0,1956168812656073.2,3.2233090087272364e+30
613,-1.5481493060697077e-15,-2.0456281646620508e-16,3.166937823598204e-31
614,-1.7063989140327438e-15,-1.8179211685581082e-16,3.1020987078246925e-31
615,1569239064385758.0,1638113385035877.8,2.570591515691488e+30
616,1824410803290864.5,-7.154457107726715e-16,-1.3052668839017731
617,-1.8650870301842533e-15,1656072936466411.5,-3.088720154842655
618,-1.5715983404730446e-15,-8.923613602186797e-16,1.4024336328219458e-30
619,-8.72619760358687e-16,-1.899584794402112e-16,1.6576152280721766e-31
620,1323598357451468.2,-8.568883456928038e-16,-1.134176006878301
621,-1.846790794224422e-15,-6.739764019184172e-16,1.244693414587432e-30
622,1692173895109348.5,1833347966157114.8,3.102343568982887e+30
623,1000027202328067.6,-1.4718122171348412e-15,-1.4718522538536256
624,-1.3282092777945075e-15,247264009386922.5,-0.3284183513323787
625,-1.5125567100937808e-15,-3.6000423649097744e-16,5.445268235666163e-31
626,-1.5134424333483349e-15,-1.7285199704784768e-15,2.616015470212138e-30
627,-2.0019900340398348e-16,130829410792315.58,-0.02619191765655194
628,-1.2326980918157804e-15,-1.958972438237142e-15,2.4148215865346313e-30
629,1608026239629189.8,1328740066331438.5,2.136648892307583e+30
630,904284542032600.9,660596671467932.1,5.973673585266395e+29
631,695884978471514.4,725345804309982.8,5.047572494166556e+29
632,1395634239930145.2,1746983167222555.8,2.4381495247574094e+30
633,-1.4395808591866214e-15,-1.961846102402675e-15,2.8242360976887673e-30
634,73409825467897.88,-1.6565465533018104e-15,-0.12160679335733368
635,358249760132483.44,879981225231516.9,3.152530628602798e+29
636,-2.2459479655567225e-16,1697812768949001.8,-0.3813199134317236
637,631485144497823.4,-7.365575210305536e-16,-0.46512513259893773
638,-1.0430674392568075e-15,-1.6041061702508119e-15,1.673190915299559e-30
639,-1.1970895717329455e-15,380920449209975.56,-0.45599589740909086
640,1344324551640448.8,1860557045946409.2,2.5011925165933845e+30
641,1915328210131756.5,1226545733206400.2,2.3492376438269575e+30
642,1043347980094754.5,-1.3433483027953021e-15,-1.401579738285195
643,1631177856838659.5,443999960245814.44,7.242429035902176e+29
644,1228238415482984.8,921355500971829.0,1.1316442206101709e+30
645,-4.718240931419075e-16,-4.4108150990231455e-16,2.0811288341132283e-31
646,-2.3420269441109053e-16,-1.8655297499997324e-15,4.369120939539854e-31
647,-3.749309468421878e-16,-5.195177990553077e-16,1.94783300301176e-31
648,564237703586216.2,340561956607103.2,1.9215789632482052e+29
649,1032645339990823.8,402617742632008.56,4.157613357265685e+29
650,708557875702219.1,-2.856926823471403e-16,-0.2024298001075586
651,1723269687112120.2,-1.3215849574379892e-15,-2.2774472960962484
652,667745597550044.4,731335872130238.4,4.883463089453889e+29
653,-1.7404306363367966e-15,444379359627487.9,-0.7734114516514069
654,498892078436359.3,-1.3849913344793354e-15,-0.6909612054747426
655,762787366657609.2,568052086420585.8,4.333029551251193e+29
656,-5.487398858486942e-16,-8.719783580219949e-16,4.784893046435213e-31
657,-4.423825762985909e-16,-1.3108326137967106e-15,5.798895087876047e-31
658,-1.3232031395648218e-15,-1.847885591166613e-15,2.445128015788259e-30
659,1136202540997287.0,1382167029375232.5,1.570421690858811e+30
660,180813710870974.4,258772931899583.72,4.678969408972568e+28
661,-7.747521259556352e-16,-4.213370864510327e-17,3.2643180347189085e-32
662,-7.714821808829585e-16,1506114594990924.5,-1.161940572403252
663,1500575555577956.0,-2.671084317320887e-16,-0.4008163833459355
664,964845238498303.0,-1.989435229165065e-15,-1.9194971081606933
665,-1.8766091473957758e-15,877172043316536.4,-1.646109080327656
666,-1.1307003219451578e-15,1769635821515979.8,-2.000927793113802
667,-8.675398303801711e-16,954456641045374.1,-0.8280291524777318
668,1387150951041042.0,468539993760569.44,6.499356979457377e+29
669,190383586471238.66,-1.293470585758877e-16,-0.02462555691118289
670,-1.3971931841823026e-15,1652104646487532.8,-2.3083093516282935
671,-1.6575954395760097e-15,-9.514287313327414e-16,1.5770839261387408e-30
672,1782443136104980.8,1473756518215018.2,2.6268871901823343e+30
673,-4.571818342465847e-16,-1.9082282243801184e-15,8.72407279783206e-31
674,1686698663159327.2,1143396550999835.2,1.9285654340324077e+30
675,371423294614662.25,-2.6929060424591817e-16,-0.10002080343779209
676,-1.3238944197251564e-15,-1.5924278464763476e-15,2.1082063397649848e-30
677,1274908825744261.8,1979940939901024.2,2.5242441787322047e+30
678,489295816998176.5,626724780366225.0,3.066538134422948e+29
679,1037557134292909.1,1713582260572238.0,1.7779394996544964e+30
680,-1.2078212081275895e-15,1402876121532409.2,-1.6944235319626215
681,-9.73563517416912e-16,737619554742818.4,-0.7181194882309148
682,784602277196963.1,42930939013885.01,3.3683712512498123e+28
683,1326141296766957.2,1027981009170821.5,1.3632480685535987e+30
684,-9.853643722380926e-16,-1.887226767598079e-15,1.8596060191252057e-30
685,-1.7463218827680782e-15,-1.654729393592791e-15,2.889690150090643e-30
686,1752224098955942.8,286247642625608.2,5.01570017677919e+29
687,982957476122351.4,1843241930365592.0,1.8118284357550532e+30
688,341402145560332.44,-1.233853658754745e-15,-0.4212402864063362
689,638977762246572.4,1631398648277086.8,1.042427457608176e+30
690,1904736104022248.2,-1.6849702781688164e-15,-3.2094237230325553
691,-1.5943219761507083e-15,1508883599937678.5,-2.4056462828340344
692,-1.94813613080902e-15,1439055218521115.2,-2.803475465430254
693,688554187992503.5,1035757199888898.6,7.131749577268897e+29
694,421939785136620.0,1181942723609563.8,4.987086588436108e+29
695,463576326348298.8,-1.2912431884670895e-15,-0.5985897737318374
696,1439562716971067.8,915460110873283.1,1.3178622444873783e+30
697,-1.2786728344856769e-15,1802477486155357.0,-2.3047789963188876
698,214731137389930.78,-3.317098025692565e-16,-0.07122842318908584
699,-1.0802739332171939e-15,-8.356095056605585e-16,9.026871673136066e-31
700,618708040301057.9,-9.761671311754623e-16,-0.603962452735876
701,883861859737787.9,-1.3768866531516916e-15,-1.2169775979027926
702,-8.746760433528042e-16,905596363172446.1,-0.7921034438143643
703,-3.821621576835836e-17,-1.3620235699880349e-15,5.205138663225249e-32
704,96784548328883.83,-8.425858358661394e-16,-0.08154928955261935
705,1993413162072279.5,-7.286846983256202e-16,-1.4525696686429597
706,1420024308858446.5,-1.7303197557478424e-15,-2.457096115259946
707,-7.09781482742824e-16,956794917322709.9,-0.6791153150981107
708,-7.978832774161834e-16,-1.2504325065587316e-15,9.97699186520814e-31
709,-1.7903110000650908e-15,-1.1522206822477997e-15,2.0628333619307394e-30
710,-1.9767166838098315e-15,-1.1734736757834385e-15,2.3196249929327718e-30
711,839399895208115.0,732571933913925.1,6.149208045597549e+29
712,-9.751941448635665e-17,1819111194266670.5,-0.1773986585504627
713,440515682808804.4,517493807096269.8,2.2796413778234098e+29
714,-1.1988019047150095e-15,1348375205697883.8,-1.6164347648611157
715,-4.453236516655883e-16,33450413449792.383,-0.014896260267185255
716,580349164601317.8,912471346387340.1,5.2955198359853245e+29
717,1612627821418103.0,1351981125023030.8,2.180242376244286e+30
718,734465271508480.5,-1.782142330555507e-15,-1.3089216506782066
719,308886925841969.06,-5.781157093311552e-16,-0.17857238423624988
720,-9.407120558693005e-16,281516304441280.06,-0.26482578151168445
721,1427205674402202.0,-3.8589510224048815e-16,-0.5507516796416426
722,-7.636908964681185e-17,-1.0608037023239045e-15,8.101261304044417e-32
723,1367073143992195.2,209999818065703.9,2.8708511152087084e+29
724,-1.1419797339128263e-15,63876007869476.0,-0.0729451064701978
725,-1.762820975871272e-15,1000198913016405.2,-1.763171623908965
726,-1.7552119361157012e-15,3169466761136.1636,-0.005563085890268166
727,-1.811178824342668e-15,1938292417838779.0,-3.510594182573547
728,553219149586033.44,1885738387165384.0,1.0432265868893721e+30
729,682819304826666.9,1122310224562527.1,7.663350873356451e+29
730,1822068610964142.0,1367196852012191.0,2.4911264690604006e+30
731,701556007483661.5,911594786323728.4,6.395347987361963e+29
732,-1.893796881869855e-15,1715586468731134.8,-3.2489723050611388
733,1972436989269041.0,438160715566324.06,8.642444026276088e+29
734,342425474299998.1,1090358475615171.9,3.7336651816954816e+29
735,26878788075725.523,1395603032152237.0,3.751211813905993e+28
736,764901471183920.1,-1.2974610146180564e-15,-0.992429838885133
737,287315792424460.06,-5.034209993505513e-16,-0.14464080335151724
738,1868031857634305.2,462002905718256.9,8.630361462013222e+29
739,-8.495240943306528e-16,-9.419327913827308e-16,8.001946015197581e-31
740,-1.7721895530381396e-15,658094337087679.8,-1.166267909100346
741,-1.982333004904974e-16,-6.670470110666914e-16,1.322309305860716e-31
742,1946344633980298.2,812475727881647.2,1.5813577732016812e+30
743,756998588349150.6,1053432846838346.0,7.974471779772549e+29
744,-1.5784922192692735e-15,571812722793791.9,-0.9026019338091784
745,984286659672914.5,1631550751685538.0,1.605913639463391e+30
746,202245778936848.16,-5.141283214373531e-16,-0.10398028284259173
747,706765813478637.4,-1.1537456415781114e-15,-0.8154279769173862
748,-1.99912650043646e-15,-1.0367317339418197e-15,2.072557883166533e-30
749,-6.266649278136737e-16,1770751746878241.5,-1.1096680156333898
750,-7.951456606459869e-16,-8.969223128762438e-16,7.131838850201074e-31
751,-1.9779194882139725e-15,-1.8566990067330187e-15,3.672401149164763e-30
752,666472060339314.9,1399919898849169.5,9.330074992960113e+29
753,-1.0854129435638076e-15,-1.3531070348008814e-15,1.46867988960012e-30
754,-1.4390153705994604e-15,1193822825231983.2,-1.7179293952812973
755,-1.7101573798125519e-15,1958402501920033.8,-3.349176491301911
756,-1.8090227339095452e-15,-1.067099140241284e-15,1.930406604031813e-30
757,-6.626615791710509e-16,-1.6119254922526047e-15,1.0681610922021846e-30
758,-1.9463991989196546e-15,1543203219502980.8,-3.0036895102108336
759,-1.1131743609248032e-15,-3.498727273621665e-16,3.894693496863976e-31
760,-1.9175580835032803e-15,1069124745762954.2,-2.0501087985111424
761,-8.947000494610154e-16,215996713266002.56,-0.19325227004250925
762,421888548878615.7,-5.790349680618653e-16,-0.24428822242559595
763,-3.1696121761309554e-16,659621687920903.6,-0.20907449336741493
764,1898775298041111.0,-3.340068657190146e-16,-0.6342039860033993
765,-9.773361472287176e-16,-1.9056158010685286e-15,1.862427205114482e-30
766,-1.828152385207158e-15,-1.9211724153603205e-15,3.5121959335351664e-30
767,-1.0688127463043371e-15,821247963306822.4,-0.8777602910588084
768,-1.6467275337038746e-15,137360655898922.66,-0.22619557411637947
769,1148087685551143.0,504767181634799.8,5.7951698530527074e+29
770,1918843179483151.5,851622181180637.9,1.6341294138550317e+30
771,150547426674764.84,-1.333863271135888e-15,-0.2008096830054921
772,164260588050997.3,1484498604120482.5,2.4384461367371512e+29
773,-1.7715419240792018e-15,908771716684971.8,-1.609927195524854
774,191012120633938.56,-2.648683567371806e-16,-0.05059306650919541
775,1533918756830656.0,-1.4385292757850638e-15,-2.2065870383767288
776,-7.291986703085363e-16,1178501456840612.2,-0.8593616952848473
777,149473593342205.56,428182430595583.0,6.400196650712133e+28
778,-9.804146372920608e-16,-1.114503058264343e-15,1.0926751116291285e-30
779,-1.293444255850971e-15,764093050293711.8,-0.9883117668380486
780,1279555501322614.2,-3.977931401842867e-16,-0.508998400911202
781,-2.8057135998376435e-16,-3.052133804247987e-16,8.563413323102781e-32
782,-1.8087216311134476e-15,-7.994670179689657e-16,1.4460132887622315e-30
783,1022526736356576.2,-4.2606835237245316e-16,-0.43566628181622824
784,-1.2115974426109386e-15,-1.5982521456749386e-15,1.936438212347201e-30
785,1842130546074455.0,-7.925539665588573e-16,-1.4599878712105432
786,-6.166133271302409e-16,-1.6169595891278788e-15,9.970388320872887e-31
787,1102598377591993.6,1573923258338700.8,1.7354052310985556e+30
788,-1.2771212437857217e-15,651295905681751.5,-0.8317838371368266
789,904212933603860.5,679478640310121.9,6.143933746759776e+29
790,-6.525238919731004e-16,1635082543943139.8,-1.0669304252710554
791,1440899485564204.0,-6.101542656767108e-16,-0.8791709675283772
792,-4.0488518313591876e-16,-1.102171801849512e-15,4.462530318390852e-31
793,-5.14238237504447e-16,373330807001417.9,-0.19198097619852197
794,-1.1197476177423544e-15,-4.3798812825884335e-16,4.904361632172726e-31
795,-1.2987328909743872e-15,-1.2472091655884626e-15,1.619791565274457e-30
796,1891482987647749.2,122223749631647.17,2.3118414311477847e+29
797,-1.4683489517832487e-15,-1.5660225178906771e-16,2.2994675226137395e-31
798,283143769160386.9,-1.7538487306038854e-15,-0.49659134012034406
799,-1.787030462004631e-15,1194421017912718.2,-2.1344667434686064
800,750580625539541.8,222872020615903.38,1.672834206491464e+29
801,658572416606409.2,658029648579577.1,4.333601758637183e+29
802,-1.0874200657825457e-15,1458627909801997.2,-1.586141257629145
803,-1.8512466978817046e-15,1350589496604088.0,-2.5002743457820316
804,-1.3968468114222862e-15,-2.908575131965561e-16,4.062833898868249e-31
805,-1.6568787628290696e-15,-3.4870635397473796e-16,5.777641523642994e-31
806,-6.026464312601906e-16,-1.9863096624659742e-15,1.1970424294627532e-30
807,1495196989302208.0,1566549785533983.2,2.3423005229224313e+30
808,140477165863960.75,145407365292670.2,2.042641457205996e+28
809,1923596650838893.2,553160628895076.3,1.0640579331185048e+30
810,-4.4246249381543566e-16,-1.4120502413545975e-15,6.24779271182443e-31
811,557334576148659.44,-1.4159268809525157e-15,-0.7891450080531637
812,-1.660308811780469e-15,-7.902832116604977e-16,1.3121141801220939e-30
813,82365138514406.62,1345737669127732.0,1.1084186952176036e+29
814,-1.808445913759966e-15,1333085662969573.8,-2.4108133198893205
815,832952477978938.4,915700995364222.1,7.627354131764091e+29
816,-1.942090895190178e-15,454462470876294.56,-0.8826074268944831
817,-1.9936239700800531e-16,822636800492725.1,-0.16400284441322593
818,530136922639384.4,1437138739166165.8,7.61880308587396e+29
819,1116460150917425.9,-7.23925010743619e-16,-0.80823342674772
820,-1.9105589836861153e-15,1398562671840530.2,-2.6720364769329814
821,1886448634779267.5,-1.5268356589312987e-16,-0.2880297044323252
822,526315618249195.25,409218174639246.25,2.1537791658406205e+29
823,1132672765048960.8,-3.20398957037158e-16,-0.3629071725860809
824,1241749224683276.0,-1.4952920570800384e-15,-1.8567777525541986
825,-7.388524902745144e-16,1721576208352699.2,-1.2719908687387482
826,1289108328981150.2,1762339284042888.0,2.271846249550364e+30
827,1978695207807885.0,851242567657987.5,1.6843495893069392e+30
828,-3.1971060644535067e-17,-1.7268273671335049e-15,5.52085024772681e-32
829,-1.5301755168670006e-15,1514636543932238.8,-2.317659756477161
830,-3.8773608752699835e-16,-4.987244326121203e-16,1.9337346025514568e-31
831,-1.958156843819131e-15,-1.560518563293608e-15,3.0557401046201762e-30
832,-1.0140591962417693e-15,777969619561867.8,-0.7889072471134226
833,1009241891699165.2,1075253849190147.5,1.0851912288134735e+30
834,235097503591782.16,-3.4120442719691875e-16,-0.08021630904845958
835,702762513147036.5,-2.488626615278557e-16,-0.1748913494437762
836,-1.0668069616375974e-15,1870898089089133.2,-1.9958871059547652
837,1722405675175813.8,-1.0655664104399966e-15,-1.8353376326185706
838,1055464408174382.5,-9.245059734218122e-16,-0.9757831500913344
839,1460272989012818.5,369883565814564.5,5.401309802387537e+29
840,1053080644374996.0,-1.7711578340311157e-15,-1.8651720331513095
841,-1.809401215687677e-15,-2.9964731900420543e-16,5.421822232837624e-31
842,-1.834193550870877e-15,-1.2516749369351101e-15,2.2958140971130906e-30
843,40481643117471.93,-1.9290569093149082e-15,-0.07809139335617953
844,-1.6816792910650232e-16,1870263668328115.5,-0.3145183679858695
845,1017923443933539.9,229489031070092.78,2.3360226485183998e+29
846,1577510937757001.5,-1.6324596813246802e-16,-0.2575223002736992
847,961185297698097.2,-1.7123669542635067e-15,-1.6459019407021527
848,598536606289749.5,224623915070976.56,1.3444563581809922e+29
849,919303691142644.6,945177370371604.0,8.689050453671141e+29
850,-1.2189253558567754e-15,91503130144526.38,-0.11153548547342565
851,-6.687124508368214e-16,22583971051442.387,-0.015102182631437864
852,-1.4402322103415166e-15,-1.5780422449561248e-15,2.2727472704654485e-30
853,19161428643809.984,-6.201054285714796e-16,-0.011882105921211614
854,1277303121004560.0,-3.987585937241327e-16,-0.509335596291224
855,-1.2955429862967485e-15,1836679574548687.8,-2.3794973408810485
856,-8.441180825519944e-16,-1.7998301773394663e-16,1.5192691982150062e-31
857,-5.668516034317877e-17,662652220335588.9,-0.03756254736148629
858,798294068882480.5,187585462546834.72,1.4974836215971484e+29
859,-1.0933418880255153e-16,1777421643267737.0,-0.19433295352677615
860,-1.9560124760436673e-16,-1.4683794429508917e-15,2.8721685099779946e-31
861,-7.963151820117239e-16,1644008202096242.5,-1.3091486906810363
862,413120475255818.6,306301390726003.06,1.2653937610824458e+29
863,-1.9462862762757583e-15,-3.1874850344302304e-16,6.203758378345921e-31
864,1505719605104511.5,1294160975857320.5,1.948643553509554e+30
865,-1.896477868773871e-15,-4.698629043035772e-16,8.910845993695494e-31
866,-1.764569834622236e-16,744463408768419.4,-0.13136576740927958
867,500377880980275.25,-7.346034192383894e-16,-0.3675793022793701
868,-1.5947147595989811e-16,-1.6198719167347328e-15,2.5832336542767703e-31
869,1808191509351529.0,627590570338631.2,1.1348039406353966e+30
870,1204144951582742.5,-1.6015744969116327e-15,-1.9285278450398131
871,-1.2368237241883203e-15,-1.1490878822357459e-15,1.4212191539264852e-30
872,-8.608091189187455e-16,1646185425066922.8,-1.4170514253287383
873,-1.3042610347662367e-15,-6.612694486366575e-16,8.624679753381458e-31
874,-1.8800460366762606e-15,1260162108657643.0,-2.369162777951401
875,-6.765426244040543e-16,-1.4264013160812082e-16,9.650212898349777e-32
876,-9.452083610816736e-16,1395699559567145.0,-1.3192268932608748
877,1270730231579028.8,-1.7938585936377336e-15,-2.279510346113308
878,-1.7106756767299235e-16,-6.334902232638575e-16,1.0836963163836897e-31
879,-1.52562082689616e-16,-1.7190630583143374e-15,2.622638404512161e-31
880,-1.8484293696774814e-15,1043347165749143.1,-1.9285535439404753
881,1507901563528465.0,-1.1487486887202042e-15,-1.7321999438224698
882,-3.6066835653058826e-16,-9.418013709732327e-16,3.396779526471707e-31
883,-1.0368964395070207e-15,-1.4606617935898433e-15,1.5145550130972473e-30
884,315164058001138.3,-6.913263170186653e-16,-0.21788120747458395
885,-1.2091182416469518e-15,1394772808026338.8,-1.686445245137788
886,-1.6628094472091908e-15,-1.0812305199790054e-15,1.797880323231996e-30
887,-1.478887652775747e-15,54832553142546.2,-0.08109118581268157
888,1020504910435799.8,1923532863994518.5,1.9629747330910436e+30
889,-8.295277200458185e-16,435563388854026.25,-0.36131190489151066
890,1716717505177484.0,-9.653381308925973e-16,-1.657212867718635
891,1421405947562761.0,-1.5747579392854635e-15,-2.238370300872035
892,1959579128758148.2,1647159693297979.0,3.2277397567183925e+30
893,-1.658543000275027e-15,990375564169367.0,-1.6425804595965345
894,1364462207708903.8,1271731189998058.0,1.7352291471170215e+30
895,-1.1009068483332992e-15,416310242947319.1,-0.45831879749200316
896,-1.5232526619856248e-15,1438267838388172.5,-2.190845313473094
897,687142054145956.2,1651735123047780.2,1.1349766653560755e+30
898,66716430186284.15,1771512874030927.5,1.1818901498438797e+29
899,-5.850101729438027e-16,150054593774202.6,-0.08778346385485832
900,-1.3449226830511663e-15,-1.8255217968943795e-15,2.4551856730475753e-30
901,-4.8386334635866e-17,-7.662743957731284e-16,3.707720933677461e-32
902,1522325422718264.2,108743940356409.89,1.655436649711214e+29
903,-1.0675465673309073e-15,1872931239371140.5,-1.9994413154374828
904,694597138700531.4,-5.098265840977962e-16,-0.3541240865477951
905,-3.4276007067807886e-16,-1.2754968245187508e-15,4.371893817217122e-31
906,-1.4654178347530933e-15,168375875946766.4,-0.24674101155456588
907,-3.793961471923775e-16,-2.358508283173677e-16,8.948089557574019e-32
908,1968628277114062.5,-8.285984696548335e-16,-1.6312023777359437
909,169351216851804.1,-9.084742703938114e-16,-0.15385122316974686
910,-1.755987629856236e-15,23859441608920.84,-0.041896884320542165
911,-2.5457577603142997e-16,1910469263890760.0,-0.486359195439185
912,-6.371462259633169e-16,508323179565022.94,-0.32387619542952784
913,-1.4154683179579085e-16,-1.1833073846881636e-15,1.6749341134317269e-31
914,1311167104315041.8,921572395936528.5,1.2083354097967732e+30
915,1246001931240257.2,1928662222457307.5,2.4031168538919318e+30
916,-5.1938489180803535e-17,-2.55577670910631e-16,1.3274318095446773e-32
917,-1.4936467902523869e-15,-1.8744206927436066e-15,2.7997224512991434e-30
918,-9.1753486653513e-16,-1.3179057161558774e-15,1.209224445378968e-30
919,-1.8503489914859347e-15,-5.736325987074515e-17,1.0614205005017887e-31
920,-1.1811031496177362e-15,1657525706423295.8,-1.9577088324289178
921,1914053710924397.5,-9.759325862600769e-16,-1.8679873883431448
922,-1.837407984036403e-15,-1.8306233625228517e-15,3.363601982063054e-30
923,828048816036520.0,1823531406569767.8,1.509973022215506e+30
924,1647753635400523.0,-1.4907708949595013e-15,-2.4564231617188095
925,-1.918789608476088e-15,209259693732090.53,-0.401525325806024
926,-2.5721204673735917e-16,-3.864532110763323e-16,9.94004213891681e-32
927,810477632003676.6,1395334285974872.5,1.1308872279504557e+30
928,-1.85399651873362e-15,-1.1960839779350832e-15,2.217535531204704e-30
929,1879255500179039.5,-1.1559484560155007e-15,-2.172322493890598
930,-1.0747526040798609e-15,1198158311116258.5,-1.287723764972127
931,-1.4986150966972528e-15,-1.1749259623388604e-15,1.7607617846625642e-30
932,-1.8119234073842712e-17,-1.6906525343795367e-15,3.063332900795824e-32
933,-3.5254584984889265e-16,508348462961759.8,-0.17921614089423193
934,-8.589764870480433e-16,1324758999307995.8,-1.1379368314108633
935,582064077254211.6,392503179209260.56,2.2846200082578272e+29
936,1346254096349466.5,230314418553637.0,3.1006172942617937e+29
937,1461639827375071.0,-1.3775624650730461e-15,-2.0135001636477443
938,-1.452502967756293e-15,-6.844149005729835e-16,9.941146742588867e-31
939,1508014337826519.5,1602059429737391.2,2.4159285900941635e+30
940,1773234285392460.2,-1.5869517035189716e-15,-2.814037169941811
941,-5.250497264496212e-17,-1.336744935680105e-15,7.018575628117556e-32
942,1307683681914378.5,1432068908045452.0,1.8726931424279802e+30
943,-1.0725848498134775e-15,-1.1033123568420286e-15,1.183396118560761e-30
944,38886029283304.2,-1.4751604561265383e-15,-0.057363132694508955
945,-1.483329148853646e-15,1726245129834454.0,-2.560589719150092
946,1351831802791365.5,-1.1919191792438106e-16,-0.1611274252858765
947,1450659473758140.5,578296604692159.6,8.389114482388477e+29
948,-6.962565833817974e-16,-1.922137872817066e-15,1.3383011481163664e-30
949,975311259791152.0,-1.1077370033557426e-15,-1.0803883722601648
950,1594235954007340.8,-3.694994940039425e-16,-0.589069378328605
951,-1.5837482787236446e-15,-1.630473211743288e-15,2.582259142603445e-30
952,1499159064881417.2,-1.4086060453364365e-15,-2.1117245217128833
953,1255126799239203.0,761206434298127.5,9.554105954408955e+29
954,181800251701153.44,1585027553823806.0,2.8815840823843145e+29
955,-1.4801938517959754e-15,1832596124103388.0,-2.7125975157229694
956,190616339519135.16,280630378303784.47,5.349273547013752e+28
957,-1.2769982476993293e-15,1941455785495985.2,-2.4792356360640984
958,-1.6620872368991083e-15,-1.501582636631938e-15,2.4957613354952555e-30
959,325554292097573.1,1233827801739772.5,4.016779365656965e+29
960,-1.3687832056655441e-15,156400696712114.3,-0.21407864701393237
961,-3.3092814837958856e-16,-1.8544371383267976e-16,6.1368544847283e-32
962,-1.14181228464587e-15,1142872473104061.8,-1.3049458295738243
963,-2.641860027285399e-16,1633546720947039.8,-0.43156017847731204
964,186683324826992.78,813138116329349.0,1.517993270999209e+29
965,1023705622218648.9,96809736018365.06,9.910467104750354e+28
966,14592188932097.018,1632953276653183.2,2.382836273021014e+28
967,-1.9703018790034546e-15,-1.6354256451003177e-15,3.222282221511593e-30
968,513870307964424.9,-1.0311243720715764e-16,-0.05298641986260452
969,1882436320528188.5,-1.905581274223377e-15,-3.5871354023164708
970,1177808494082034.0,-4.952939318678807e-16,-0.5833614000212781
971,889623263102814.5,1753631215444414.2,1.5600711241626144e+30
972,1749413040722818.0,567503025375758.0,9.927971932420033e+29
973,-3.280365059468529e-16,-4.981396849043961e-16,1.6340800170950437e-31
974,37131623743353.44,-1.099044215510448e-15,-0.04080929628764301
975,477056902865290.9,1694325554041956.0,8.082897012567736e+29
976,-1.4718154325202212e-15,264947623260195.72,-0.38995400072390957
977,1693676796196379.0,1004888469234558.1,1.70195628310787e+30
978,1735618213993166.8,-5.768271414246127e-16,-1.00115169298217
979,-8.27428040973985e-17,686149528472750.6,-0.056773936015943154
980,848849317827295.1,800451962062637.1,6.794631019503895e+29
981,1490625896456232.2,-1.3358807567892752e-15,-1.9912984506476432
982,1109024628309096.5,-1.2614694820618103e-15,-1.3990007234668675
983,1605859012133961.5,-1.6807881900526633e-15,-2.6991088624843993
984,713031820469485.2,-2.4132447261578893e-16,-0.17207202803307442
985,-7.492669258815613e-16,-5.121611631163984e-16,3.837454202441487e-31
986,561514318513431.7,1833582644203973.5,1.0295829088982502e+30
987,275200113923565.8,825450190399527.8,2.271639864361791e+29
988,386110240957456.2,-6.946678542332151e-16,-0.2682183725833857
989,-1.5129450791448089e-15,1374957195943480.0,-2.080234723637433
990,-1.4857314669326054e-15,-1.4002705471976068e-15,2.0804260141904225e-30
991,-1.0524200639845053e-15,-3.255505292579318e-16,3.4261590883182217e-31
992,-4.490332543965799e-16,-1.8184650561324748e-15,8.165512821616245e-31
993,-1.4697064289198966e-15,-1.450610748847144e-15,2.131971943440953e-30
994,1414209909746030.0,1626131458769005.2,2.299691223540895e+30
995,-8.881430463607432e-16,947103195348337.8,-0.8411631171346667
996,-6.037252900548614e-16,-3.3478274397064754e-16,2.021168092090416e-31
997,1926075676316772.8,-6.316865926426614e-16,-1.2166761811444518
998,-6.984186346407402e-16,1944035663591153.0,-1.3577507338582384
999,-4.629496708125889e-16,228822489381790.5,-0.10593329613381702
